status,url
404,https://www.99.co/singapore/sitemap-foobar.html
200,https://www.99.co/singapore/sitemap.html
status,url
404,https://www.99.co/singapore/sitemap-foobar.html
200,https://www.99.co/singapore/sitemap.html
status,url
404,https://www.99.co/singapore/sitemap-foobar.html
200,https://www.99.co/singapore/sitemap.html
status,url
404,https://www.99.co/singapore/sitemap-foobar.html
200,https://www.99.co/singapore/sitemap.html
status,url
404,https://www.99.co/singapore/sitemap-foobar.html
200,https://www.99.co/singapore/sitemap.html
status,url
404,https://www.99.co/singapore/sitemap-foobar.html
200,https://www.99.co/singapore/sitemap.html
status,url
404,https://www.99.co/singapore/sitemap-foobar.html
200,https://www.99.co/singapore/sitemap.html
status,url
404,https://www.99.co/singapore/sitemap-foobar.html
200,https://www.99.co/singapore/sitemap.html
status,url
200,https://www.99.co/singapore/sitemap.html
404,https://www.99.co/singapore/sitemap-foobar.html
status,url
200,https://mpdw.99.co/singapore/condos-for-rent-near-singapore-mrts-and-lrts
